,Dayswus,Age,Edu,Income,Freq,Recency,Monetary,LTV,Perdeal,Dryred,Sweetred,Drywh,Sweetwh,Dessert,Exotic,WebPurchase,WebVisit
count,10000.0,10000.0,10000.0,10000.0,10000.0,10000.0,10000.0,10000.0,10000.0,10000.0,10000.0,10000.0,10000.0,10000.0,10000.0,10000.0,10000.0
mean,898.102,47.9273,16.7391,69904.358,14.6281,62.4068,622.5552,209.0712,32.3972,50.3827,7.0545,28.5213,7.0698,6.9474,16.5466,42.3762,5.2166
std,202.49278883198014,17.302720974612996,1.8763750340288672,27612.23331075697,11.969073325100242,69.87425530848606,647.1353233796132,291.9860402747562,27.897094059161333,23.45381523025381,7.866544222325341,12.583957323043924,8.015082789042888,7.879545796820805,17.247671630039395,18.522061986669407,2.3304565095178837
min,550.0,18.0,12.0,10000.0,1.0,0.0,6.0,-178.0,0.0,1.0,0.0,1.0,0.0,0.0,0.0,4.0,0.0
25%,723.75,33.0,15.0,47642.0,4.0,26.0,63.0,-2.0,6.0,32.0,2.0,19.0,2.0,2.0,4.0,28.0,3.0
50%,894.0,48.0,17.0,70012.0,12.0,52.0,383.0,57.0,25.0,51.0,4.0,28.0,4.0,4.0,10.0,45.0,6.0
75%,1074.0,63.0,18.0,92147.0,24.0,78.25,1077.0,364.0,56.0,69.0,10.0,37.0,10.0,9.0,23.0,57.0,7.0
max,1250.0,78.0,20.0,140628.0,56.0,549.0,3052.0,1791.0,97.0,99.0,75.0,74.0,62.0,77.0,96.0,88.0,10.0
