,method,r2,clusters
0,kmeans,0.68354804390269,2
1,kmeans,0.8747910229120454,3
2,kmeans,0.9345043133970932,4
3,kmeans,0.9598200501400928,5
4,kmeans,0.9745250197284692,6
5,kmeans,0.9771845699726469,7
6,kmeans,0.9836964775988309,8
7,kmeans,0.9896747219543286,9
