,method,r2,clusters
0,kmeans,0.6898185183560303,2
1,kmeans,0.8712988444257083,3
2,kmeans,0.9032833755088053,4
3,kmeans,0.9507086154327069,5
4,kmeans,0.961016977950901,6
5,kmeans,0.9789099924857888,7
6,kmeans,0.9827290768594462,8
7,kmeans,0.9877877392806815,9
