,method,r2,clusters
0,kmeans,0.6983569471137672,2
1,kmeans,0.8508253518728895,3
2,kmeans,0.93776895453543,4
3,kmeans,0.9669877462092605,5
4,kmeans,0.9749397106446293,6
5,kmeans,0.9841866068467372,7
6,kmeans,0.9912009357090426,8
7,kmeans,0.9953493045638703,9
